Teodoro,Najara,Altenwerth-Legros,DA4,M,appc9001
Jenine,Britney,Altenwerth-Legros,TC3,M,appc9002
Arty,Reed,Altenwerth-Legros,DA4,M,appc9003
Zandra,Fryers,Bartoletti LLC,SD9,M,appc9004
Tamqrah,Jarred,Bartoletti LLC,TC3,M,appc9005
Gaylene,Fisby,Bartoletti LLC,DA4,F,appc9006
Maridel,Grieves,Collier Group,TC3,M,appc9007
Ker,Richings,Collier Group,TC3,M,appc9008
Lina,Blakesley,Collier Group,DA4,M,appc9009
Belita,O'Moylan,Crona Inc,TC3,M,appc9010
Penelopa,Berrill,Crona Inc,TC3,M,appc9011
Dani,Casone,Crona Inc,TC3,M,appc9012
Ulrick,Sparkes,Crona Inc,SD9,F,appc9013
Dare,Evans,Dach LLC,TC3,M,appc9014
Magdalene,Mauger,Dach LLC,TC3,M,appc9015
Waylen,McCowan,Dach LLC,TC3,M,appc9016
Allene,Libby,Dach LLC,DA4,M,appc9017
Cora,MacWhirter,Dach LLC,SD9,F,appc9018
Danice,Chmiel,Dare-Luettgen,DA4,M,appc9019
Reinaldo,Romaine,Doyle Group,SD9,M,appc9020
Osbourn,Duffield,Doyle Group,TC3,M,appc9021
Jaquenetta,Friett,Doyle Group,DA4,M,appc9022
Cris,Hryncewicz,Fahey LLC,TC3,M,appc9023
Pincus,Pert,Fahey LLC,DA4,M,appc9024
Garth,Boyton,Fahey LLC,TC3,F,appc9025
Merilyn,Curnok,Fahey LLC,TC3,M,appc9026
Tatiania,Shevlan,Fahey LLC,TC3,M,appc9027
Abagail,Lordon,Fahey LLC,TC3,M,appc9028
Halley,Ceci,Fahey LLC,TC3,F,appc9029
Glennis,Lampe,Fahey LLC,TC3,F,appc9030
Aluino,Worsham,Fahey LLC,TC3,M,appc9031
Penelopa,Tuffey,Fahey LLC,TC3,M,appc9032
Bianka,Putten,Fahey LLC,TC3,F,appc9033
Julie,Glynne,Halvorson and Sons,TC3,F,appc9034
Pepito,Partrick,Hammes,SD9,M,appc9035
Ricki,Gebbie,Hammes,TC3,M,appc9036
Ollie,Shrimpton,Hammes,TC3,M,appc9037
Eleen,Pilsworth,Hammes,TC3,M,appc9038
Karlee,Gregorio,Hammes,TC3,M,appc9039
Pen,Raywood,Hammes,TC3,F,appc9040
Ara,Corson,Hammes,DA4,F,appc9041
Dawn,Frackiewicz,Hammes,TC3,M,appc9042
Tynan,Goutcher,Kling-Fay,SD9,F,appc9043
Isac,Benet,Kling-Fay,TC3,M,appc9044
Jessika,Poleykett,Kling-Fay,DA4,F,appc9045
Mycah,Cantero,Kling-Fay,DA4,F,appc9046
Cheryl,Antoinet,Kling-Fay,TC3,M,appc9047
Basile,Buttrick,Kling-Fay,TC3,F,appc9048
L;urette,Fish,Kling-Fay,TC3,M,appc9049
Steven,Bernardoux,Kling-Fay,DA4,M,appc9050
Tiphany,Meeks,McClure-Morissette,TC3,M,appc9051
Zack,Ollet,McClure-Morissette,DA4,F,appc9052
Caren,Skittrell,McKenzie-McKenzie,DA4,F,appc9053
Jennine,Seivertsen,McKenzie-McKenzie,SD9,M,appc9054
Neal,Groucock,McKenzie-McKenzie,TC3,M,appc9055
Padget,Beardshaw,McKenzie-McKenzie,TC3,M,appc9056
Ricki,MacGillivray,McKenzie-McKenzie,DA4,M,appc9057
Vonni,Wrinch,McKenzie-McKenzie,TC3,F,appc9058
Di,Seally,McKenzie-McKenzie,TC3,M,appc9059
Cosetta,Janc,McKenzie-McKenzie,TC3,F,appc9060
Terrie,Stiddard,"McKenzie, Grady and Reichert",TC3,F,appc9061
Greer,Stidson,Muller Group,DA4,F,appc9062
Emmit,Antonsen,Muller Group,TC3,M,appc9063
Emerson,Cheng,Muller Group,DA4,F,appc9064
Sasha,Hadley,Muller Group,TC3,M,appc9065
Adelheid,Painswick,Muller Group,TC3,M,appc9066
Bettine,Gomersal,Muller Group,SD9,F,appc9067
Carter,Goodread,Muller Group,TC3,M,appc9068
Arabele,Goreway,Muller Group,DA4,M,appc9069
Bambi,McGinny,Muller Group,TC3,M,appc9070
Isa,Goodreid,"Murazik, Beatty and Cassin",TC3,M,appc9071
Mitch,Liggons,Nienow and Sons,TC3,M,appc9072
Marylinda,Dimmack,O'Keefe-Stracke,SD9,F,appc9073
Darelle,Korlat,O'Keefe-Stracke,SD9,M,appc9074
Lovell,Cayser,Pagac Group,TC3,F,appc9075
Huberto,Deaves,Pagac Group,TC3,M,appc9076
Judie,Kleine,Pagac Group,TC3,M,appc9077
Cale,Le Gassick,Pagac Group,TC3,M,appc9078
Fidelity,Ficken,Pagac Group,TC3,M,appc9079
Adria,Brambley,Pagac Group,SD9,F,appc9080
Filippa,Prettyman,Pagac Group,TC3,M,appc9081
Kinny,Burdfield,Pagac Group,SD9,M,appc9082
Gwendolen,Cowling,Pagac Group,DA4,M,appc9083
Arlette,Kirimaa,Pagac Group,TC3,M,appc9084
Polly,Schustl,Pagac Group,SD9,M,appc9085
Brigg,Andrzejczak,Pagac Group,SD9,M,appc9086
Euphemia,Binning,Pagac Group,TC3,F,appc9087
Kittie,Scane,Pagac Group,SD9,M,appc9088
Wilton,Dumbare,Pagac Group,SD9,M,appc9089
Avril,Riddall,Pagac Group,TC3,M,appc9090
Turner,Frogley,Pagac Group,DA4,F,appc9091
Abbot,Wyant,Pagac Group,TC3,F,appc9092
Boigie,Rettie,Pagac Group,TC3,M,appc9093
Travis,O'Devey,Pagac Group,DA4,M,appc9094
Nikki,Gabbitis,Pagac Group,DA4,F,appc9095
Brandy,Gascard,Pagac Group,TC3,F,appc9096
Farlie,Godin,Pagac Group,TC3,M,appc9097
Gayelord,Petrovic,"Pouros, Green and Kling",TC3,M,appc9098
Rubi,Cheves,Predovic-Rath,SD9,M,appc9099
Goldia,Casini,Rau-MacGyver,SD9,M,appc9100
Tirrell,Bogace,Rau-MacGyver,TC3,M,appc9101
Gregoor,Keating,Rau-MacGyver,SD9,F,appc9102
Marguerite,Boswood,Rau-MacGyver,DA4,F,appc9103
Wally,Pirdy,"Reichert, Leannon and Smith",DA4,M,appc9104
Sallyann,Butfield,Rempel and Sons,TC3,F,appc9105
Andie,Halvosen,Rempel and Sons,TC3,M,appc9106
Sol,Doring,Rempel and Sons,TC3,F,appc9107
Wallace,Littrell,Rempel and Sons,TC3,F,appc9108
Kelly,Pittendreigh,Sawayn-Weber,DA4,M,appc9109
Allyn,Nutkins,Sawayn-Weber,TC3,F,appc9110
Udall,Januszewicz,Sawayn-Weber,TC3,M,appc9111
Lenette,Franies,Sawayn-Weber,TC3,M,appc9112
Hiram,Hurley,Sawayn-Weber,TC3,M,appc9113
Brittney,Oleksinski,Swaniawski-Bruen,TC3,F,appc9114
Rosamund,Kopf,Swaniawski-Bruen,TC3,F,appc9115
Danya,Mandre,Swaniawski-Bruen,TC3,M,appc9116
Filberte,Hrinchenko,Swaniawski-Bruen,TC3,M,appc9117
Dionisio,Salvati,Swaniawski-Bruen,SD9,M,appc9118
Henrieta,Raddan,Swaniawski-Bruen,TC3,M,appc9119
Georgina,Elsley,Swaniawski-Bruen,TC3,F,appc9120
Blanch,Halhead,Swaniawski-Bruen,TC3,M,appc9121
Miof mela,McLeary,Swaniawski-Bruen,DA4,F,appc9122
Jorrie,Battershall,Swaniawski-Bruen,SD9,F,appc9123
Mata,Signorelli,Swaniawski-Bruen,TC3,M,appc9124
Aridatha,Attac,Swaniawski-Bruen,SD9,M,appc9125
Alejandrina,Whenham,Swaniawski-Bruen,DA4,M,appc9126
Gaynor,Liffe,Toy LLC,DA4,M,appc9127
Yorgos,Whittock,Toy LLC,SD9,F,appc9128
Meredeth,Somerset,Watsica Group,TC3,M,appc9129
Willdon,Gilligan,Watsica Group,DA4,M,appc9130
Gaven,Arkwright,Watsica Group,TC3,M,appc9131
Dari,Battie,Watsica Group,SD9,F,appc9132
Nobie,Bendik,Williamson-Fahey,TC3,F,appc9133
Elyssa,Faas,Williamson-Fahey,TC3,M,appc9134
Sisely,Brittain,Williamson-Fahey,TC3,M,appc9135
Hadleigh,Hutchens,Williamson-Fahey,SD9,F,appc9136
Sonia,Roget,Williamson-Fahey,SD9,F,appc9137
Kariotta,Longforth,Williamson-Fahey,DA4,M,appc9138
Eba,Camelia,Williamson-Fahey,TC3,M,appc9139
Carney,McClounan,Williamson-Fahey,DA4,M,appc9140
Isabella,Garrould,Williamson-Fahey,TC3,M,appc9141
Tades,Arlet,Wisoky ,SD9,M,appc9142
Agathe,Van Cassel,Wisoky ,TC3,F,appc9143
Leif,Behan,Wisoky ,TC3,F,appc9144
Katalin,Benfell,Wisoky ,DA4,M,appc9145
Templeton,Spyer,Wisoky ,TC3,F,appc9146
Jemima,Euplate,"Wolf, Grant and Glover",DA4,M,appc9147
Darelle,Quilkin,Wuckert Group,TC3,F,appc9148
Dix,Christer,"Yundt, Gerlach and Spinka",TC3,F,appc9149
Andrew,Eberson,"Yundt, Gerlach and Spinka",TC3,M,appc9150